<?xml version="1.0" standalone="no"?>
<!--
 * Licensed to the Apache Software Foundation (ASF) under one or more
 * contributor license agreements.  See the NOTICE file distributed with
 * this work for additional information regarding copyright ownership.
 * The ASF licenses this file to You under the Apache License, Version 2.0
 * (the "License"); you may not use this file except in compliance with
 * the License.  You may obtain a copy of the License at
 *
 *     http://www.apache.org/licenses/LICENSE-2.0
 *
 * Unless required by applicable law or agreed to in writing, software
 * distributed under the License is distributed on an "AS IS" BASIS,
 * WITHOUT WARRANTIES OR CONDITIONS OF ANY KIND, either express or implied.
 * See the License for the specific language governing permissions and
 * limitations under the License.
-->

<!DOCTYPE s1 SYSTEM "sbk:/style/dtd/document.dtd">

<s1 title="Migration">
    <s2 title="Migration Archive">

       <p>For migration information on earlier versions of &XercesCName;
          please refer to <link idref="migrate-archive-&XercesC3Series;">Migration Archive</link>.</p>

    </s2>

    <s2 title="Migrating from &XercesCName; 3.1.0 to &XercesCName; &XercesC3Version;">
      <p>&XercesCName; &XercesC3Version; is a bugfix-only release and is
         binary-compatible with &XercesCName; 3.1.0.</p>
    </s2>

</s1>
